{
  "fontName": "fabric-icons",
  "fontFamilyName": "FabricMDL2Icons",
  "excludeGlyphs": false,
  "excludeThirdPartyIcons": false,
  "chunkSubsets": false,
  "hashFontFileName": true,
  "glyphs": [
    {
      "name": "Add",
      "unicode": "E710"
    },
    {
      "name": "AddField",
      "unicode": "E4C7"
    },
    {
      "name": "AddTable",
      "unicode": "E4C6"
    },
    {
      "name": "AddTo",
      "unicode": "ECC8"
    },
    {
      "name": "AutoEnhanceOff",
      "unicode": "E78E"
    },
    {
      "name": "AutoEnhanceOn",
      "unicode": "E78D"
    },
    {
      "name": "AlertSolid",
      "unicode": "F331"
    },
    {
      "name": "AzureAPIManagement",
      "unicode": "F37F"
    },
    {
      "name": "BookAnswers",
      "unicode": "F8A4"
    },
    {
      "name": "BranchMerge",
      "unicode": "F295"
    },
    {
      "name": "Cancel",
      "unicode": "E711"
    },
    {
      "name": "CheckboxComposite",
      "unicode": "E73A"
    },
    {
      "name": "CheckMark",
      "unicode": "E73E"
    },
    {
      "name": "ChevronDown",
      "unicode": "E70D"
    },
    {
      "name": "ChevronLeft",
      "unicode": "E76B"
    },
    {
      "name": "ChevronRight",
      "unicode": "E76C"
    },
    {
      "name": "ChevronUp",
      "unicode": "E70E"
    },
    {
      "name": "ChromeMinimize",
      "unicode": "E921"
    },
    {
      "name": "ChromeRestore",
      "unicode": "E923"
    },
    {
      "name": "CircleRing",
      "unicode": "EA3A"
    },
    {
      "name": "ClearFilter",
      "unicode": "EF8F"
    },
    {
      "name": "Cloud",
      "unicode": "E753"
    },
    {
      "name": "ContactCard",
      "unicode": "EEBD"
    },
    {
      "name": "Copy",
      "unicode": "E8C8"
    },
    {
      "name": "Delete",
      "unicode": "E74D"
    },
    {
      "name": "Documentation",
      "unicode": "EC17"
    },
    {
      "name": "DocumentManagement",
      "unicode": "EFFC"
    },
    {
      "name": "Down",
      "unicode": "E74B"
    },
    {
      "name": "Download",
      "unicode": "E896"
    },
    {
      "name": "Edit",
      "unicode": "E70F"
    },
    {
      "name": "EditTable",
      "unicode": "E4C4"
    },
    {
      "name": "FieldChanged",
      "unicode": "F2C3"
    },
    {
      "name": "FieldNotChanged",
      "unicode": "F2C4"
    },
    {
      "name": "Filter",
      "unicode": "E71C"
    },
    {
      "name": "FixedColumnWidth",
      "unicode": "E3EA"
    },
    {
      "name": "GroupedList",
      "unicode": "EF74"
    },
    {
      "name": "GroupList",
      "unicode": "F168"
    },
    {
      "name": "Help",
      "unicode": "E897"
    },
    {
      "name": "Hide3",
      "unicode": "F6AC"
    },
    {
      "name": "Home",
      "unicode": "E80F"
    },
    {
      "name": "Info",
      "unicode": "E946"
    },
    {
      "name": "InsertColumnsRight",
      "unicode": "F64B"
    },
    {
      "name": "InsertRowsBelow",
      "unicode": "F64D"
    },
    {
      "name": "Insights",
      "unicode": "E3AF"
    },
    {
      "name": "KeyPhraseExtraction",
      "unicode": "E395"
    },
    {
      "name": "Label",
      "unicode": "E932"
    },
    {
      "name": "Link",
      "unicode": "E71B"
    },
    {
      "name": "MachineLearning",
      "unicode": "E3B8"
    },
    {
      "name": "MapLayers",
      "unicode": "E81E"
    },
    {
      "name": "Merge",
      "unicode": "E7D5"
    },
    {
      "name": "More",
      "unicode": "E712"
    },
    {
      "name": "OpenFolderHorizontal",
      "unicode": "ED25"
    },
    {
      "name": "Plug",
      "unicode": "F300"
    },
    {
      "name": "PlugConnected",
      "unicode": "F302"
    },
    {
      "name": "ReceiptProcessing",
      "unicode": "E496"
    },
    {
      "name": "RectangleShape",
      "unicode": "F1A9"
    },
    {
      "name": "Refresh",
      "unicode": "E72C"
    },
    {
      "name": "Relationship",
      "unicode": "F003"
    },
    {
      "name": "Rename",
      "unicode": "E8AC"
    },
    {
      "name": "Rocket",
      "unicode": "F3B3"
    },
    {
      "name": "Rotate90Clockwise",
      "unicode": "F80D"
    },
    {
      "name": "Rotate90CounterClockwise",
      "unicode": "F80E"
    },
    {
      "name": "Search",
      "unicode": "E721"
    },
    {
      "name": "Settings",
      "unicode": "E713"
    },
    {
      "name": "Share",
      "unicode": "E72D"
    },
    {
      "name": "SortDown",
      "unicode": "EE69"
    },
    {
      "name": "SortUp",
      "unicode": "EE68"
    },
    {
      "name": "SquareShape",
      "unicode": "F1A6"
    },
    {
      "name": "StatusCircleCheckmark",
      "unicode": "F13E"
    },
    {
      "name": "System",
      "unicode": "E770"
    },
    {
      "name": "Table",
      "unicode": "ED86"
    },
    {
      "name": "TableBrandedColumn",
      "unicode": "E3F1"
    },
    {
      "name": "TableBrandedRow",
      "unicode": "E3EE"
    },
    {
      "name": "TableGroup",
      "unicode": "F6D9"
    },
    {
      "name": "Tag",
      "unicode": "E8EC"
    },
    {
      "name": "TagGroup",
      "unicode": "E3F6"
    },
    {
      "name": "TextDocument",
      "unicode": "F029"
    },
    {
      "name": "TextField",
      "unicode": "EDC3"
    },
    {
      "name": "Up",
      "unicode": "E74A"
    },
    {
      "name": "UpdateRestore",
      "unicode": "E777"
    },
    {
      "name": "View",
      "unicode": "E890"
    },
    {
      "name": "WarningSolid",
      "unicode": "F736"
    },
    {
      "name": "ZoomIn",
      "unicode": "E8A3"
    },
    {
      "name": "ZoomOut",
      "unicode": "E71F"
    }
  ]
}
